Title,Note,URL,Tags,Comment
,,,,
Kagura Monterey Park,,https://www.google.com/maps/place/Kagura+Monterey+Park/data=!4m2!3m1!1s0x80c2c5c3c790c6e9:0xcabe68ca8603231e,,
EE NAMI Tonkatsu Izakaya,,https://www.google.com/maps/place/EE+NAMI+Tonkatsu+Izakaya/data=!4m2!3m1!1s0x80dc01eb388d7b6d:0xdb84a47c2b62797c,,
VIET NOM,,https://www.google.com/maps/place/VIET+NOM/data=!4m2!3m1!1s0x80dc00cdc6399301:0xf7164541e7bf9b71,,
Blue Ocean Sushi & Grill,,https://www.google.com/maps/place/Blue+Ocean+Sushi+%26+Grill/data=!4m2!3m1!1s0x80dc07584b741c4f:0xc3331b788a6c5160,,
Ramen Nagi,,https://www.google.com/maps/place/Ramen+Nagi/data=!4m2!3m1!1s0x80dc07011599fa89:0x9efda7c9e8fe841f,,
Archives Of Us,,https://www.google.com/maps/place/Archives+Of+Us/data=!4m2!3m1!1s0x80c2c706135d22ed:0x134336d68205af6c,,
House of Mandi - Yemeni Restaurant,,https://www.google.com/maps/place/House+of+Mandi+-+Yemeni+Restaurant/data=!4m2!3m1!1s0x80dd29ae021d655f:0xc6fc4b5726a488b4,,
Shabuya Los Angeles,,https://www.google.com/maps/place/Shabuya+Los+Angeles/data=!4m2!3m1!1s0x80c2c79859e8453b:0x6ea46331290d7972,,
Hama Sushi,,https://www.google.com/maps/place/Hama+Sushi/data=!4m2!3m1!1s0x80c2c647f97c34df:0x35afb5fd9db2813c,,
Liao Fan Hawker Chan (Chinatown),,https://www.google.com/maps/place/Liao+Fan+Hawker+Chan+(Chinatown)/data=!4m2!3m1!1s0x31da19731378e5d9:0x66f0318292b49348,,
Jigger & Pony,,https://www.google.com/maps/place/Jigger+%26+Pony/data=!4m2!3m1!1s0x31da190d061da0df:0x41672a5a407459bc,,
Sonmari,,https://www.google.com/maps/place/Sonmari/data=!4m2!3m1!1s0x80c2c7a6890e819b:0x9c5a9675365eb273,,
Nuka Cafe,,https://www.google.com/maps/place/Nuka+Cafe/data=!4m2!3m1!1s0x80c2bb2c35562893:0x780dec8c53518970,,
BOUKA'S JAMAICAN RESTAURANT,,https://www.google.com/maps/place/BOUKA'S+JAMAICAN+RESTAURANT/data=!4m2!3m1!1s0x80c2b9a3c974accd:0xaceba1b97f3ddb3b,,
iWagyu ATS BBQ - 燒肉莊園,,https://www.google.com/maps/place/iWagyu+ATS+BBQ+-+%E7%87%92%E8%82%89%E8%8E%8A%E5%9C%92/data=!4m2!3m1!1s0x80c2c536a9ac7ab1:0xd0d1ae96ddbe9858,,
Noma Sushi,,https://www.google.com/maps/place/Noma+Sushi/data=!4m2!3m1!1s0x80c2bb4bbbb84a43:0xf55198574d64f4c,,
Otus Thai Kitchen & Coffee,,https://www.google.com/maps/place/Otus+Thai+Kitchen+%26+Coffee/data=!4m2!3m1!1s0x80c2bf27d896702d:0x5d96ba16f1db2d23,,
Square Lotus,,https://www.google.com/maps/place/Square+Lotus/data=!4m2!3m1!1s0x54906c003a12c57f:0x4bd2b31489aadb4e,,
White Elephant,,https://www.google.com/maps/place/White+Elephant/data=!4m2!3m1!1s0x80c2c78217862b8b:0x80dd0496acfd7aec,,
Bacari GDL,,https://www.google.com/maps/place/Bacari+GDL/data=!4m2!3m1!1s0x80c2c0fe571ac5a5:0xe03c7a80144cb67b,,
Manuela,,https://www.google.com/maps/place/Manuela/data=!4m2!3m1!1s0x80c2c63ec988cfd5:0x7927f2642b088721,,
Camelia,,https://www.google.com/maps/place/Camelia/data=!4m2!3m1!1s0x80c2c7bef2714da7:0x3b4972d31f95dc1d,,
Kizuki Ramen & Izakaya (Bellevue Square),,https://www.google.com/maps/place/Kizuki+Ramen+%26+Izakaya+(Bellevue+Square)/data=!4m2!3m1!1s0x54906c8667753cbf:0x710a5c4475a72a5d,,
Ba Sa Restaurant,,https://www.google.com/maps/place/Ba+Sa+Restaurant/data=!4m2!3m1!1s0x54903fa9fcf9f71f:0xdf441e5097d2f9ed,,
Wild Ginger Downtown Seattle,,https://www.google.com/maps/place/Wild+Ginger+Downtown+Seattle/data=!4m2!3m1!1s0x54906ab3a328441d:0xc79f48c3b2036d8f,,
Black Bottle Gastrotavern,,https://www.google.com/maps/place/Black+Bottle+Gastrotavern/data=!4m2!3m1!1s0x5490154e415c95f3:0xc6205a593735716d,,
MonGa Café,,https://www.google.com/maps/place/MonGa+Caf%C3%A9/data=!4m2!3m1!1s0x54906da9a58485f3:0x7bce4ae385d77187,,
Kajiken,,https://www.google.com/maps/place/Kajiken/data=!4m2!3m1!1s0x54906b2b961e983d:0xb31e6f4f1b5dc545,,
Ramen Nori • Ramen & Sushi,,https://www.google.com/maps/place/Ramen+Nori+%E2%80%A2+Ramen+%26+Sushi/data=!4m2!3m1!1s0x54906d8e343740b9:0x2e7bb14a41f81f4f,,
Curry Lab Sapporo,,https://www.google.com/maps/place/Curry+Lab+Sapporo/data=!4m2!3m1!1s0x549015ce25ba1a33:0xeb004511dec4de1a,,
Tendon Kohaku,,https://www.google.com/maps/place/Tendon+Kohaku/data=!4m2!3m1!1s0x54906d0027db1ee9:0xc11883ba2c8c78f9,,
Phê,,https://www.google.com/maps/place/Ph%C3%AA/data=!4m2!3m1!1s0x54906b8c7bc7c3f9:0x77fa4676f2c7f632,,
La Barca Restaurant,,https://www.google.com/maps/place/La+Barca+Restaurant/data=!4m2!3m1!1s0x80c2c7f310a8a1f7:0x452674dd988867d0,,
Fritto Misto,,https://www.google.com/maps/place/Fritto+Misto/data=!4m2!3m1!1s0x80c2a4d26f54a6c7:0x22bf73150c62222f,,
TAO KAY restaurant 头家（潮汕味道）,,https://www.google.com/maps/place/TAO+KAY+restaurant+%E5%A4%B4%E5%AE%B6%EF%BC%88%E6%BD%AE%E6%B1%95%E5%91%B3%E9%81%93%EF%BC%89/data=!4m2!3m1!1s0x80c2db30bf1b0aa5:0xef0201217ab39ee3,,
JM Seafood (Wing Yip Chop Suey Restaurant),,https://www.google.com/maps/place/JM+Seafood+(Wing+Yip+Chop+Suey+Restaurant)/data=!4m2!3m1!1s0x880e2c432f2f38e7:0xaee09fe77c09ee54,,
Niu Japanese Fusion Lounge,,https://www.google.com/maps/place/Niu+Japanese+Fusion+Lounge/data=!4m2!3m1!1s0x880e2b544b36af39:0xff9f8af85d2eea21,,
Sushi Plus Rotary Sushi Bar South Loop,,https://www.google.com/maps/place/Sushi+Plus+Rotary+Sushi+Bar+South+Loop/data=!4m2!3m1!1s0x880e2d00441f374f:0x2406507c4078ae65,,
Kyuramen x TBaar - Downtown Chicago,,https://www.google.com/maps/place/Kyuramen+x+TBaar+-+Downtown+Chicago/data=!4m2!3m1!1s0x880e2d25f9cf1653:0xccdd7af40d1470e,,
"AMBAR Restaurant, Chicago",,"https://www.google.com/maps/place/AMBAR+Restaurant,+Chicago/data=!4m2!3m1!1s0x880e2cb32e0169fd:0xa7d0ea562550c1d1",,
MoonGoat Coffee,,https://www.google.com/maps/place/MoonGoat+Coffee/data=!4m2!3m1!1s0x80dd2944785eb8a7:0xfb64412bba6cc1c5,,
Stamina Yakiniku Harada,,https://www.google.com/maps/place/Stamina+Yakiniku+Harada/data=!4m2!3m1!1s0x6000e70274bb3b03:0x1c4708681630ba4a,,
LiLo Coffee Roasters,,https://www.google.com/maps/place/LiLo+Coffee+Roasters/data=!4m2!3m1!1s0x6000e71a9f6e3fd5:0xe2179a06c106d486,,
从这里开始烧肉 难波店,,https://www.google.com/maps/place/%E4%BB%8E%E8%BF%99%E9%87%8C%E5%BC%80%E5%A7%8B%E7%83%A7%E8%82%89+%E9%9A%BE%E6%B3%A2%E5%BA%97/data=!4m2!3m1!1s0x6000e7002bae1f2f:0x26e74dfdde923e2b,,
アペロ食堂｜お好み焼・ワインバー-大阪・北新地,,https://www.google.com/maps/place/%E3%82%A2%E3%83%9A%E3%83%AD%E9%A3%9F%E5%A0%82%EF%BD%9C%E3%81%8A%E5%A5%BD%E3%81%BF%E7%84%BC%E3%83%BB%E3%83%AF%E3%82%A4%E3%83%B3%E3%83%90%E3%83%BC-%E5%A4%A7%E9%98%AA%E3%83%BB%E5%8C%97%E6%96%B0%E5%9C%B0/data=!4m2!3m1!1s0x6000e74f43c78535:0x302606d8b1dd0149,,
ジェイ･プライド梅田永楽ビル,,https://www.google.com/maps/place/%E3%82%B8%E3%82%A7%E3%82%A4%EF%BD%A5%E3%83%97%E3%83%A9%E3%82%A4%E3%83%89%E6%A2%85%E7%94%B0%E6%B0%B8%E6%A5%BD%E3%83%93%E3%83%AB/data=!4m2!3m1!1s0x6000e78075f16c5f:0xe7206b879474ec55,,
ディアブロ道頓堀千日前店,,https://www.google.com/maps/place/%E3%83%87%E3%82%A3%E3%82%A2%E3%83%96%E3%83%AD%E9%81%93%E9%A0%93%E5%A0%80%E5%8D%83%E6%97%A5%E5%89%8D%E5%BA%97/data=!4m2!3m1!1s0x6000e7f6454be33b:0xc3d963f45955e809,,
Chibo Okonomiyaki Restaurant,,https://www.google.com/maps/place/Chibo+Okonomiyaki+Restaurant/data=!4m2!3m1!1s0x6000e714e0f7db93:0x9bdc7e61a5f722f1,,
Yawaragi,,https://www.google.com/maps/place/Yawaragi/data=!4m2!3m1!1s0x6000e7172c05d11b:0x9d9eedc8781550c3,,
Salon Tamago-to-watashi Lucua-osaka,,https://www.google.com/maps/place/Salon+Tamago-to-watashi+Lucua-osaka/data=!4m2!3m1!1s0x6000e7cdf4fb70b5:0xbcc498ec38a27c8a,,
Arabiya coffee,,https://www.google.com/maps/place/Arabiya+coffee/data=!4m2!3m1!1s0x6000e71498d21e05:0xf3c84562aeda373c,,
Genrokuzushi Sennichimae,,https://www.google.com/maps/place/Genrokuzushi+Sennichimae/data=!4m2!3m1!1s0x6000e76b160ed717:0x409659915dcab5d7,,
WOCCA ROCCA curry and...​​UJI,,https://www.google.com/maps/place/WOCCA+ROCCA+curry+and...%E2%80%8B%E2%80%8BUJI/data=!4m2!3m1!1s0x600111d08823fc81:0x8986dc26e2c612d1,,
Suwan,,https://www.google.com/maps/place/Suwan/data=!4m2!3m1!1s0x600111089650e755:0x272fa3fcf2850cf7,,
Torikiku,,https://www.google.com/maps/place/Torikiku/data=!4m2!3m1!1s0x6001110c61974a41:0x4b403000fb8b999d,,
ビアつかさ,,https://www.google.com/maps/place/%E3%83%93%E3%82%A2%E3%81%A4%E3%81%8B%E3%81%95/data=!4m2!3m1!1s0x600111808fab223f:0x47b1ab0e37b131ec,,
Tsujirihei Honten - Kyoto Uji Main Shop,,https://www.google.com/maps/place/Tsujirihei+Honten+-+Kyoto+Uji+Main+Shop/data=!4m2!3m1!1s0x60011107aff703bf:0x203d1b87885036c6,,
中村藤吉本店,,https://www.google.com/maps/place/%E4%B8%AD%E6%9D%91%E8%97%A4%E5%90%89%E6%9C%AC%E5%BA%97/data=!4m2!3m1!1s0x600111092eb28db1:0x72edd51680741747,,
中村藤吉平等院店,,https://www.google.com/maps/place/%E4%B8%AD%E6%9D%91%E8%97%A4%E5%90%89%E5%B9%B3%E7%AD%89%E9%99%A2%E5%BA%97/data=!4m2!3m1!1s0x6001110b9c0d3a23:0x8b7c73e8b7595727,,
Coffee & Restaurant Fresco,,https://www.google.com/maps/place/Coffee+%26+Restaurant+Fresco/data=!4m2!3m1!1s0x600107e7254fc235:0x45760523a452a237,,
Jun - Shijo Karasuma,,https://www.google.com/maps/place/Jun+-+Shijo+Karasuma/data=!4m2!3m1!1s0x6001090023540615:0x8197708e28f79231,,
Omura House,,https://www.google.com/maps/place/Omura+House/data=!4m2!3m1!1s0x6001085c61bf16fb:0x574b5ca275603443,,
"〒604-8365 Kyoto, Nakagyo Ward, Nishikiōmiyachō, 141",,"https://www.google.com/maps/place/%E3%80%92604-8365+Kyoto,+Nakagyo+Ward,+Nishiki%C5%8Dmiyach%C5%8D,+141/data=!4m2!3m1!1s0x600106291e76529f:0xc0b725c867226ef9",,
Japanese Noodle ISSUN BOUSHI,,https://www.google.com/maps/place/Japanese+Noodle+ISSUN+BOUSHI/data=!4m2!3m1!1s0x600109e18f988621:0xb9658dcdd20ff1bf,,
Katsukura Shijo Higashinotoin,,https://www.google.com/maps/place/Katsukura+Shijo+Higashinotoin/data=!4m2!3m1!1s0x6001089a10140001:0x1aef905e335a0f5a,,
Katsukura Shijo Teramachi,,https://www.google.com/maps/place/Katsukura+Shijo+Teramachi/data=!4m2!3m1!1s0x600108924b00337d:0x1628dc527e3d4e0c,,
Café Amazon,,https://www.google.com/maps/place/Caf%C3%A9+Amazon/data=!4m2!3m1!1s0x600108b67ed79ef1:0xec6d82e177812d8c,,
ACTUAL KYOTO,,https://www.google.com/maps/place/ACTUAL+KYOTO/data=!4m2!3m1!1s0x600107a7352bed37:0xade54f59f9daa87d,,
麵匠 一粒萬倍 河原町店,,https://www.google.com/maps/place/%E9%BA%B5%E5%8C%A0+%E4%B8%80%E7%B2%92%E8%90%AC%E5%80%8D+%E6%B2%B3%E5%8E%9F%E7%94%BA%E5%BA%97/data=!4m2!3m1!1s0x600109c1ceea0f3f:0xf48dd6195563417d,,
鮨まつやま,,https://www.google.com/maps/place/%E9%AE%A8%E3%81%BE%E3%81%A4%E3%82%84%E3%81%BE/data=!4m2!3m1!1s0x6000e7f44f643c91:0xb060ffee40ba25b8,,
Oodle Noodle,,https://www.google.com/maps/place/Oodle+Noodle/data=!4m2!3m1!1s0x80c8c6978581e5dd:0x1bd54677795b41e,,
A.Y.C.E Buffet,,https://www.google.com/maps/place/A.Y.C.E+Buffet/data=!4m2!3m1!1s0x80c8c69929a4e157:0xdf6354fceb9dc2,,
NoMad Library Restaurant,,https://www.google.com/maps/place/NoMad+Library+Restaurant/data=!4m2!3m1!1s0x80c8c5e283a75415:0x704fca8eac1b7869,,
Suzuya Patisserie,,https://www.google.com/maps/place/Suzuya+Patisserie/data=!4m2!3m1!1s0x80c8c7f4eba3b379:0x40860596f3cb4ec6,,
A Different Beast,,https://www.google.com/maps/place/A+Different+Beast/data=!4m2!3m1!1s0x80c8c7cc8a878009:0xe688cd452deecd3c,,
888 Sushi and Robata,,https://www.google.com/maps/place/888+Sushi+and+Robata/data=!4m2!3m1!1s0x80c8c5003cdd501b:0xe64a0bd2f98840db,,
Echo & Rig,,https://www.google.com/maps/place/Echo+%26+Rig/data=!4m2!3m1!1s0x80c8bf87b0240bb7:0xedf2a50184f42efc,,
SUSHIZANMAI LA,,https://www.google.com/maps/place/SUSHIZANMAI+LA/data=!4m2!3m1!1s0x80c2c70dc271d7d7:0xeefc7af3d12f79b2,,
La ong Beverly Hills,,https://www.google.com/maps/place/La+ong+Beverly+Hills/data=!4m2!3m1!1s0x80c2bd47693bce67:0x62464a3bec26fd18,,
Miyabi Uni,,https://www.google.com/maps/place/Miyabi+Uni/data=!4m2!3m1!1s0x80dd4ab0943582db:0xc908f7231a35584e,,
It's Raw Poke Shop,,https://www.google.com/maps/place/It's+Raw+Poke+Shop/data=!4m2!3m1!1s0x80deaa3a11edb873:0x4e8b21d0ca3093f9,,
Hawaiian Fresh Seafood Liberty Station,,https://www.google.com/maps/place/Hawaiian+Fresh+Seafood+Liberty+Station/data=!4m2!3m1!1s0x80deab6e3d6abb89:0xb100505fc30b6840,,
OOTORO LITTLE TOKYO,,https://www.google.com/maps/place/OOTORO+LITTLE+TOKYO/data=!4m2!3m1!1s0x80c2c7facd1ee61f:0xfb2db0fb0def841a,,
Ya Sik Na Ra,,https://www.google.com/maps/place/Ya+Sik+Na+Ra/data=!4m2!3m1!1s0x80c2b8900874f55b:0x7ae05fe739251cce,,
ONETHING COFFEE,,https://www.google.com/maps/place/ONETHING+COFFEE/data=!4m2!3m1!1s0x80c2c7a2bad03aed:0x50c9ac60fffe730,,
Baek am Korean Restaurant (백암순대),,https://www.google.com/maps/place/Baek+am+Korean+Restaurant+(%EB%B0%B1%EC%95%94%EC%88%9C%EB%8C%80)/data=!4m2!3m1!1s0x80c2b50035cc9191:0x275b230865605cb1,,
Lunasia Dim Sum House,,https://www.google.com/maps/place/Lunasia+Dim+Sum+House/data=!4m2!3m1!1s0x80dd4b86d8a8223b:0x576d0898a7215213,,
Kopan Izakaya,,https://www.google.com/maps/place/Kopan+Izakaya/data=!4m2!3m1!1s0x80c2b9f9a566de67:0x2cd28c5b8d532c36,,
Zinqué - DTLA,,https://www.google.com/maps/place/Zinqu%C3%A9+-+DTLA/data=!4m2!3m1!1s0x80c2c757666c5533:0xbbc54446c133bd24,,
ORIGIN Korean BBQ,,https://www.google.com/maps/place/ORIGIN+Korean+BBQ/data=!4m2!3m1!1s0x80c2c71aa29b14f7:0x8d5f174e08ef0521,,
Bacari W. Adams,,https://www.google.com/maps/place/Bacari+W.+Adams/data=!4m2!3m1!1s0x80c2c7ec5d711435:0xc4e5b8e93183c6c9,,
Moss Beach Distillery,,https://www.google.com/maps/place/Moss+Beach+Distillery/data=!4m2!3m1!1s0x808f718b136489af:0x67b06263bb74a847,,
SORA Craft Kitchen,,https://www.google.com/maps/place/SORA+Craft+Kitchen/data=!4m2!3m1!1s0x80c2c70048812d49:0x63d84037aeae67ca,,
The Roasted Crab,,https://www.google.com/maps/place/The+Roasted+Crab/data=!4m2!3m1!1s0x808fc95186ef2123:0x5fa59e62d7846b8b,,
Marugame Udon,,https://www.google.com/maps/place/Marugame+Udon/data=!4m2!3m1!1s0x808fbb9afd45d485:0x8ee3f531903dc435,,
Ahgassi Gopchang,,https://www.google.com/maps/place/Ahgassi+Gopchang/data=!4m2!3m1!1s0x80c2b89cb666c44d:0x822a072de7309428,,
Bestia,,https://www.google.com/maps/place/Bestia/data=!4m2!3m1!1s0x80c2c621d7d91b49:0x5e3e80cfbddfba70,,
Soban,,https://www.google.com/maps/place/Soban/data=!4m2!3m1!1s0x80c2b88c9bbe2b45:0x8f371e46e6ac9ab7,,
Cafe Concerto,,https://www.google.com/maps/place/Cafe+Concerto/data=!4m2!3m1!1s0x80c2b89b4ef0db67:0xb8e4408788b7bd5d,,
Danbi,,https://www.google.com/maps/place/Danbi/data=!4m2!3m1!1s0x80c2c71c16de33b9:0xaa9bc614c1f0b723,,
Bludso's BBQ,,https://www.google.com/maps/place/Bludso's+BBQ/data=!4m2!3m1!1s0x80c2b8d516c9fea7:0xbfde550408e01e5f,,
Oklava Cafe,,https://www.google.com/maps/place/Oklava+Cafe/data=!4m2!3m1!1s0x808fbb2054d50cd3:0x93fb52523f133111,,
Cafe Venetia,,https://www.google.com/maps/place/Cafe+Venetia/data=!4m2!3m1!1s0x808fbb38ff97be91:0x60abaaaa6931012b,,
Verve Coffee Roasters,,https://www.google.com/maps/place/Verve+Coffee+Roasters/data=!4m2!3m1!1s0x808fbb3a018fdc21:0x8b8e5350d0886830,,
GABURI CHICKEN,,https://www.google.com/maps/place/GABURI+CHICKEN/data=!4m2!3m1!1s0x80dd4b00248e135b:0xdd18a3907281a133,,
Tsukiyo sushi,,https://www.google.com/maps/place/Tsukiyo+sushi/data=!4m2!3m1!1s0x80c2b90006753b39:0xbe02389ed7402865,,
HARUCAKE,,https://www.google.com/maps/place/HARUCAKE/data=!4m2!3m1!1s0x80c2c70b213c858d:0x1f43d313f85f1a03,,
Brothers Galbi,,https://www.google.com/maps/place/Brothers+Galbi/data=!4m2!3m1!1s0x80c2b8832ba6dce7:0x3bc8e6f75275bf4a,,
Anju House,,https://www.google.com/maps/place/Anju+House/data=!4m2!3m1!1s0x80c2b9dcd25a0815:0xa908afb5669e32ee,,
Hangari Kalguksu,,https://www.google.com/maps/place/Hangari+Kalguksu/data=!4m2!3m1!1s0x80c2b88234d199c7:0x1d5cc9184ed82800,,
춘천닭갈비 동해막국수 2호점 (Chuncheon Dakgalbi Donghae Makguksu two,,https://www.google.com/maps/place/%EC%B6%98%EC%B2%9C%EB%8B%AD%EA%B0%88%EB%B9%84+%EB%8F%99%ED%95%B4%EB%A7%89%EA%B5%AD%EC%88%98+2%ED%98%B8%EC%A0%90+(Chuncheon+Dakgalbi+Donghae+Makguksu+two/data=!4m2!3m1!1s0x80c2b882b5222d0b:0x2ff023586660adb8,,
Crudo e Nudo,,https://www.google.com/maps/place/Crudo+e+Nudo/data=!4m2!3m1!1s0x80c2bbc48d1c4195:0x830ef63dcecbb7d8,,
Jun Won Dak IG @junwon_la,,https://www.google.com/maps/place/Jun+Won+Dak+IG+@junwon_la/data=!4m2!3m1!1s0x80c2b942b6d08167:0x31833e2529443c12,,
Kutora,,https://www.google.com/maps/place/Kutora/data=!4m2!3m1!1s0x60188ec0afc70001:0xe5514327ac73e75e,,
Milk Shop Luck Akihabara,,https://www.google.com/maps/place/Milk+Shop+Luck+Akihabara/data=!4m2!3m1!1s0x60188ea7faffc5f3:0xe2f053e78a957140,,
Unatoto Asakusa,,https://www.google.com/maps/place/Unatoto+Asakusa/data=!4m2!3m1!1s0x60188ec6af08142b:0xacb913594c4f2e02,,
Imo Pippi,,https://www.google.com/maps/place/Imo+Pippi/data=!4m2!3m1!1s0x60188fba163382db:0x1af76925365f9bde,,
HATCOFFEE,,https://www.google.com/maps/place/HATCOFFEE/data=!4m2!3m1!1s0x60188f63ceefe30b:0x172f97c9d04e4de,,
Unaginonaruse Nihonbashiten,,https://www.google.com/maps/place/Unaginonaruse+Nihonbashiten/data=!4m2!3m1!1s0x60188bdb032d0c17:0x990bf8d337f5d409,,
Delizioso 0141,,https://www.google.com/maps/place/Delizioso+0141/data=!4m2!3m1!1s0x60188faa2ad891a7:0xa5c64790a23873a7,,
EDW yellow Shibuya,,https://www.google.com/maps/place/EDW+yellow+Shibuya/data=!4m2!3m1!1s0x60188ca834ce534b:0x33c39b274de10547,,
Tendon Tenya Ginza Branch,,https://www.google.com/maps/place/Tendon+Tenya+Ginza+Branch/data=!4m2!3m1!1s0x60188be13611626d:0x6a5aa276bcfec624,,
TRUEDAN (Tokyu Plaza Ginza),,https://www.google.com/maps/place/TRUEDAN+(Tokyu+Plaza+Ginza)/data=!4m2!3m1!1s0x60188b63a4d6701d:0xb260778d3ac65b0c,,
佃忠 田端銀座店,,https://www.google.com/maps/place/%E4%BD%83%E5%BF%A0+%E7%94%B0%E7%AB%AF%E9%8A%80%E5%BA%A7%E5%BA%97/data=!4m2!3m1!1s0x60188dc01bb484eb:0x11c8794df9060d7f,,
Otakō Shimbashi,,https://www.google.com/maps/place/Otak%C5%8D+Shimbashi/data=!4m2!3m1!1s0x60188be9055e1f25:0xc62bc46c089c32ec,,
Turret Coffee Tsukiji,,https://www.google.com/maps/place/Turret+Coffee+Tsukiji/data=!4m2!3m1!1s0x60188ba3e3e2815b:0x1b877ae335ae5b65,,
Gyukatsu Motomura (Coredo Muromachi Branch),,https://www.google.com/maps/place/Gyukatsu+Motomura+(Coredo+Muromachi+Branch)/data=!4m2!3m1!1s0x60188955a8817273:0x6cbf9f5a3f898f4f,,
Maguro Ichidai Hibiya,,https://www.google.com/maps/place/Maguro+Ichidai+Hibiya/data=!4m2!3m1!1s0x60188befbef95555:0x5934091ba621a2ea,,
Yakiniku Watami,,https://www.google.com/maps/place/Yakiniku+Watami/data=!4m2!3m1!1s0x60185d180a10782d:0xd409c31911790d99,,
Tendon Tenya,,https://www.google.com/maps/place/Tendon+Tenya/data=!4m2!3m1!1s0x60188ca7eb400001:0xaa1d810b8c8a5efb,,
Shokusaiwagyu Shigeki Chi,,https://www.google.com/maps/place/Shokusaiwagyu+Shigeki+Chi/data=!4m2!3m1!1s0x60185ce13505aadd:0xdd4c6afab4b2365e,,
Sushi Hana,,https://www.google.com/maps/place/Sushi+Hana/data=!4m2!3m1!1s0x60185c202878546f:0xbca859a54bfbd4c7,,
BanKichi,,https://www.google.com/maps/place/BanKichi/data=!4m2!3m1!1s0x60185cf34e0ac813:0xd019c79ce4d50c60,,
Bankichi,,https://www.google.com/maps/place/Bankichi/data=!4m2!3m1!1s0x60185c8516d445bf:0x9b81dd6cb4ddf2a6,,
Suehiro,,https://www.google.com/maps/place/Suehiro/data=!4m2!3m1!1s0x60185c5ffd8ae8b5:0x1d05422cfe96c5fc,,
Yakitori Saitou,,https://www.google.com/maps/place/Yakitori+Saitou/data=!4m2!3m1!1s0x60185cf7313de0b7:0xec7f866ed5b4b831,,
炭焼四季 鳥導〜TORISHIRUBE〜,,https://www.google.com/maps/place/%E7%82%AD%E7%84%BC%E5%9B%9B%E5%AD%A3+%E9%B3%A5%E5%B0%8E%E3%80%9CTORISHIRUBE%E3%80%9C/data=!4m2!3m1!1s0x60185d4492b63425:0x88d8dcbf703d99c9,,
一鳥二炭,,https://www.google.com/maps/place/%E4%B8%80%E9%B3%A5%E4%BA%8C%E7%82%AD/data=!4m2!3m1!1s0x60185c6083809e93:0xe8b76b8edcb15c6f,,
Hard Rock Cafe,,https://www.google.com/maps/place/Hard+Rock+Cafe/data=!4m2!3m1!1s0x60185c5cfe967fc1:0x3e90008a301702ec,,
bills Yokohama Red Brick Warehouse,,https://www.google.com/maps/place/bills+Yokohama+Red+Brick+Warehouse/data=!4m2!3m1!1s0x60185cf8824dcc69:0x5926277a5a1a45c,,
O to U,,https://www.google.com/maps/place/O+to+U/data=!4m2!3m1!1s0x60185dc51212da11:0xa75c8bf469baa870,,
Jojoen - Tokyo Skytree Town · Solamachi,,https://www.google.com/maps/place/Jojoen+-+Tokyo+Skytree+Town+%C2%B7+Solamachi/data=!4m2!3m1!1s0x60188f95bfe5cfc7:0xa40820aac80e0aec,,
Sendai Gyutan Sumiyaki Rikyu Parco Ueno Branch,,https://www.google.com/maps/place/Sendai+Gyutan+Sumiyaki+Rikyu+Parco+Ueno+Branch/data=!4m2!3m1!1s0x60188ea000dab8b7:0x466170d64062b0e8,,
Mokichi,,https://www.google.com/maps/place/Mokichi/data=!4m2!3m1!1s0x60188ec01b69d61d:0x5b17a32c076d251a,,
Gyukatsu Motomura (Akihabara Branch),,https://www.google.com/maps/place/Gyukatsu+Motomura+(Akihabara+Branch)/data=!4m2!3m1!1s0x60188c1d49dc0001:0x3cadd47912a87292,,
La Pergoletta,,https://www.google.com/maps/place/La+Pergoletta/data=!4m2!3m1!1s0x80c2c0b1f03dd85b:0x4ce5fdf1ceb1e6ed,,
Kyuramen x TBaar - Arcadia,,https://www.google.com/maps/place/Kyuramen+x+TBaar+-+Arcadia/data=!4m2!3m1!1s0x80c2db1b4e58abbf:0x8ed47bf6f2e9acec,,
Santa Anita mall,,https://www.google.com/maps/place/Santa+Anita+mall/data=!4m2!3m1!1s0x80c2db000880814f:0x4acb60c54925f085,,
Flora Bakery & Tea 花甜里,,https://www.google.com/maps/place/Flora+Bakery+%26+Tea+%E8%8A%B1%E7%94%9C%E9%87%8C/data=!4m2!3m1!1s0x80c2db744698b065:0x7411e83ff1624cce,,
Oakobing,,https://www.google.com/maps/place/Oakobing/data=!4m2!3m1!1s0x80c2c77c8f641b31:0xf31cf366bd161326,,
Dan Sung Sa,,https://www.google.com/maps/place/Dan+Sung+Sa/data=!4m2!3m1!1s0x80c2c77c91ab6b01:0x72786640a7da4b2,,
Ramen Nagi,,https://www.google.com/maps/place/Ramen+Nagi/data=!4m2!3m1!1s0x80c2bb8c7b7626ef:0x1b913da544a7c1c7,,
Tilt Coffee Bar,,https://www.google.com/maps/place/Tilt+Coffee+Bar/data=!4m2!3m1!1s0x80c2c649f34c0f11:0xe7fc7a479be2b0a2,,
Eggslut,,https://www.google.com/maps/place/Eggslut/data=!4m2!3m1!1s0x80c2c64b8f5b0eb9:0x846e0084319313f3,,
Pasta e Pasta by Allegro,,https://www.google.com/maps/place/Pasta+e+Pasta+by+Allegro/data=!4m2!3m1!1s0x80c2c6385b2bcf07:0xd2cbe29746c64914,,
Oste,,https://www.google.com/maps/place/Oste/data=!4m2!3m1!1s0x80c2b9725bed0adb:0x74e15975df18b593,,
MEMORYLOOK,,https://www.google.com/maps/place/MEMORYLOOK/data=!4m2!3m1!1s0x4c34c513a3b0c11f:0x21aae280aa040dad,,
Verve Coffee Roasters,,https://www.google.com/maps/place/Verve+Coffee+Roasters/data=!4m2!3m1!1s0x80c2c63ce65f5f17:0xde68a7b895be0bb,,
Café Mak,,https://www.google.com/maps/place/Caf%C3%A9+Mak/data=!4m2!3m1!1s0x80c2c77a45cd4a6b:0xa37f535dfcaa1ab9,,
Philz Coffee,,https://www.google.com/maps/place/Philz+Coffee/data=!4m2!3m1!1s0x80c2c7b68950d2af:0x592e82544746fc3e,,
Kumquat Coffee DTLA,,https://www.google.com/maps/place/Kumquat+Coffee+DTLA/data=!4m2!3m1!1s0x80c2c7f7b1905457:0xe1b07cfb0dbe25b5,,
Saffy's,,https://www.google.com/maps/place/Saffy's/data=!4m2!3m1!1s0x80c2c730e0c2abef:0x2371baede92ec23,,
Mike's Red Tacos,,https://www.google.com/maps/place/Mike's+Red+Tacos/data=!4m2!3m1!1s0x80deab98fae083bf:0x1bf05a705766f8e2,,
Bavel,,https://www.google.com/maps/place/Bavel/data=!4m2!3m1!1s0x80c2c63ce6f00001:0x408b2a5b25d4727,,
Urban Coffee Roaster SOHO,,https://www.google.com/maps/place/Urban+Coffee+Roaster+SOHO/data=!4m2!3m1!1s0x3404012296f622b7:0x7a2c454cded43380,,
Inka Peruvian Cuisine,,https://www.google.com/maps/place/Inka+Peruvian+Cuisine/data=!4m2!3m1!1s0x80db1b57041bf7b1:0xf5e468c49aa5e706,,
Redlands Public Market,,https://www.google.com/maps/place/Redlands+Public+Market/data=!4m2!3m1!1s0x80dcab58a749f949:0x911a9a74c48e2551,,
Joshua Tree Coffee Company,,https://www.google.com/maps/place/Joshua+Tree+Coffee+Company/data=!4m2!3m1!1s0x80dada23ac91dc13:0xd93ebe6d2ef9782b,,
Crossroads Cafe,,https://www.google.com/maps/place/Crossroads+Cafe/data=!4m2!3m1!1s0x80dada23baee0e63:0x17a2443bfb52c030,,
Nado Gelato Cafe,,https://www.google.com/maps/place/Nado+Gelato+Cafe/data=!4m2!3m1!1s0x80deaccbffbd73a5:0x555fb31477f2fef1,,
LeTAO,,https://www.google.com/maps/place/LeTAO/data=!4m2!3m1!1s0x54906dc48142d78d:0x8356760317d9694a,,
Blue Water Seafood Market & Grill,,https://www.google.com/maps/place/Blue+Water+Seafood+Market+%26+Grill/data=!4m2!3m1!1s0x80deab2e039b7227:0x89a36130f4c7b58f,,
Sovereign Modern Thai Cuisine,,https://www.google.com/maps/place/Sovereign+Modern+Thai+Cuisine/data=!4m2!3m1!1s0x80d953029b9004c9:0xb9b6234749be2565,,
Coco Bomb,,https://www.google.com/maps/place/Coco+Bomb/data=!4m2!3m1!1s0x80d955d70a9f6e65:0x684095e5da1acc2,,
Rockin' Baja Lobster - Old Town,,https://www.google.com/maps/place/Rockin'+Baja+Lobster+-+Old+Town/data=!4m2!3m1!1s0x80deaade206267a3:0x3e05f6215d552d43,,
Lady M Cake Boutique - San Diego,,https://www.google.com/maps/place/Lady+M+Cake+Boutique+-+San+Diego/data=!4m2!3m1!1s0x80dc0737c20a5073:0xa8a544353052057d,,
"Echire Patisserie Au Beurre, Yokohama Takashimaya",,"https://www.google.com/maps/place/Echire+Patisserie+Au+Beurre,+Yokohama+Takashimaya/data=!4m2!3m1!1s0x60185d217512e483:0x1084fc629574090b",,
Ikkaku Yokohama Nishiguchi Branch,,https://www.google.com/maps/place/Ikkaku+Yokohama+Nishiguchi+Branch/data=!4m2!3m1!1s0x60185c0d9385d429:0x46f2a6f2c1b85600,,
炭火焼き 鳥英,,https://www.google.com/maps/place/%E7%82%AD%E7%81%AB%E7%84%BC%E3%81%8D+%E9%B3%A5%E8%8B%B1/data=!4m2!3m1!1s0x60185c8ce77a8ba5:0xf1ccfc499c856f4f,,
（有）忠勇,,https://www.google.com/maps/place/%EF%BC%88%E6%9C%89%EF%BC%89%E5%BF%A0%E5%8B%87/data=!4m2!3m1!1s0x60185c90960bd2a3:0xcefbb78a60d73005,,
Yakitori ribatei,,https://www.google.com/maps/place/Yakitori+ribatei/data=!4m2!3m1!1s0x60185cf4e132db63:0xa3ecaff6cd9888c3,,
老广的味道 Sunrise Noodle House,,https://www.google.com/maps/place/%E8%80%81%E5%B9%BF%E7%9A%84%E5%91%B3%E9%81%93+Sunrise+Noodle+House/data=!4m2!3m1!1s0x80c2db79bcb7d0a1:0x418f51d537dcd7a8,,
Golden Leaf Restaurant,,https://www.google.com/maps/place/Golden+Leaf+Restaurant/data=!4m2!3m1!1s0x80c2db2aeb197deb:0x8c94ff912c6b1aff,,
3CAT Handcrafted Beverage,,https://www.google.com/maps/place/3CAT+Handcrafted+Beverage/data=!4m2!3m1!1s0x80c2b9a4b5369e7d:0x76bf574ae1226e1e,,
Honeymee Japanese Village,,https://www.google.com/maps/place/Honeymee+Japanese+Village/data=!4m2!3m1!1s0x80c2c647f12e0387:0xe154f7378869c853,,
Red Rock-Torrance／レッドロック トーランス,,https://www.google.com/maps/place/Red+Rock-Torrance%EF%BC%8F%E3%83%AC%E3%83%83%E3%83%89%E3%83%AD%E3%83%83%E3%82%AF+%E3%83%88%E3%83%BC%E3%83%A9%E3%83%B3%E3%82%B9/data=!4m2!3m1!1s0x80c2b56a22402f9b:0x545055d0cd9ca4fe,,
Casey's Irish Pub,,https://www.google.com/maps/place/Casey's+Irish+Pub/data=!4m2!3m1!1s0x80c2c7b45b9f29c5:0x91cb8dea86d0f589,,
NIKU X | Premium Seafood & A5 Wagyu Steak Buffet,,https://www.google.com/maps/place/NIKU+X+%7C+Premium+Seafood+%26+A5+Wagyu+Steak+Buffet/data=!4m2!3m1!1s0x80c2c7a9ecccab1b:0xf04e981b14f4e80b,,
Midori Matcha Cafe,,https://www.google.com/maps/place/Midori+Matcha+Cafe/data=!4m2!3m1!1s0x80c2c648f5625ff9:0x47c1985a1adb5682,,
Torigoya,,https://www.google.com/maps/place/Torigoya/data=!4m2!3m1!1s0x80c2c64861312965:0x4ad18097116a0a3,,
OOmasa,,https://www.google.com/maps/place/OOmasa/data=!4m2!3m1!1s0x80c2c647ecb1f10f:0x68cf58c6f5d8c2f1,,
Temaki society,,https://www.google.com/maps/place/Temaki+society/data=!4m2!3m1!1s0x80c2c75dc8ce61f3:0x9e8df6b118187147,,
Himalayan House,,https://www.google.com/maps/place/Himalayan+House/data=!4m2!3m1!1s0x80c2c7f749b7065d:0x6b52bf023f9d656d,,
All You Can Eat Sushi & BBQ,,https://www.google.com/maps/place/All+You+Can+Eat+Sushi+%26+BBQ/data=!4m2!3m1!1s0x80c2b9fc28e63ba7:0x9b6dc46795d078b0,,
Dha Rae Oak,,https://www.google.com/maps/place/Dha+Rae+Oak/data=!4m2!3m1!1s0x80c2b87d727f8513:0xc5eea736ddbcb58,,
Lunasia Dim Sum House,,https://www.google.com/maps/place/Lunasia+Dim+Sum+House/data=!4m2!3m1!1s0x80c2c521058cbe8f:0x2deb4dedc67f2b86,,
"Formosa Aroma 島嶼茶鄉 - Alhambra, CA",,"https://www.google.com/maps/place/Formosa+Aroma+%E5%B3%B6%E5%B6%BC%E8%8C%B6%E9%84%89+-+Alhambra,+CA/data=!4m2!3m1!1s0x80c2c56dd047aa53:0x153ba96d74cae2cb",,
Matsue Sushi - Ebisu Main Store,,https://www.google.com/maps/place/Matsue+Sushi+-+Ebisu+Main+Store/data=!4m2!3m1!1s0x60188b40e5fae3bb:0xb2539e54fd203040,,
Matsue Ebisu Higashiguchi,,https://www.google.com/maps/place/Matsue+Ebisu+Higashiguchi/data=!4m2!3m1!1s0x60188b4018e0b65b:0xdecfb54b2be47b1e,,
Tachigui Sushi Uogashi Yamaharu,,https://www.google.com/maps/place/Tachigui+Sushi+Uogashi+Yamaharu/data=!4m2!3m1!1s0x60188bc08ebd1649:0x40da6d895b3da03b,,
Courage Bagels,,https://www.google.com/maps/place/Courage+Bagels/data=!4m2!3m1!1s0x80c2c778b57dccbb:0xc38f4ad70fb86a12,,
Calic Bagel,,https://www.google.com/maps/place/Calic+Bagel/data=!4m2!3m1!1s0x80c2c760c7ea67fd:0x603c9314d2652af1,,
Beaumont's,,https://www.google.com/maps/place/Beaumont's/data=!4m2!3m1!1s0x80dc03d528625b39:0x26caf9c6d3e02811,,
Shenyang Restaurant,,https://www.google.com/maps/place/Shenyang+Restaurant/data=!4m2!3m1!1s0x80c2dade5fafec93:0xa36a82c34243e217,,
Feng Mao BBQ Lamb Kebab Olympic,,https://www.google.com/maps/place/Feng+Mao+BBQ+Lamb+Kebab+Olympic/data=!4m2!3m1!1s0x80c2b88b83095767:0x29f24bec908bdbe1,,
Gangnam Station Korean BBQ,,https://www.google.com/maps/place/Gangnam+Station+Korean+BBQ/data=!4m2!3m1!1s0x80c2b9a4a9dcbc9b:0x706e75a123800621,,
The Boiling Crab,,https://www.google.com/maps/place/The+Boiling+Crab/data=!4m2!3m1!1s0x80c2c77da69b2a67:0x921f8262fb88e754,,
Salt & Straw,,https://www.google.com/maps/place/Salt+%26+Straw/data=!4m2!3m1!1s0x80c2c639369fbcc7:0x1b60d389b63f6765,,
Salt & Straw,,https://www.google.com/maps/place/Salt+%26+Straw/data=!4m2!3m1!1s0x80dc07da158d0c83:0x1527757cf926c464,,
Thai Corner Food Express,,https://www.google.com/maps/place/Thai+Corner+Food+Express/data=!4m2!3m1!1s0x80c2c919372989bf:0x750d2d6eee1c52f7,,
Kombu Sushi,,https://www.google.com/maps/place/Kombu+Sushi/data=!4m2!3m1!1s0x80c2c78b49481fb3:0x49bf08a83cb53400,,
STAGGER COFFEE,,https://www.google.com/maps/place/STAGGER+COFFEE/data=!4m2!3m1!1s0x80c2c7e33f50397b:0x485c939e8f280192,,
Lasso My Taco,,https://www.google.com/maps/place/Lasso+My+Taco/data=!4m2!3m1!1s0x80c2c727962ceb8b:0x7a05c84617a17c7c,,
Taste of Chao Shan 够力潮汕美食,,https://www.google.com/maps/place/Taste+of+Chao+Shan+%E5%A4%9F%E5%8A%9B%E6%BD%AE%E6%B1%95%E7%BE%8E%E9%A3%9F/data=!4m2!3m1!1s0x80c2c583784216c3:0x2ff17a1c88d41ae9,,
Olive and James Cafe Tea,,https://www.google.com/maps/place/Olive+and+James+Cafe+Tea/data=!4m2!3m1!1s0x80c2bfc8994dc8d7:0xbfec3d175886d0bd,,
Farmhouse Kitchen Thai Cuisine LA,,https://www.google.com/maps/place/Farmhouse+Kitchen+Thai+Cuisine+LA/data=!4m2!3m1!1s0x80c2b9a3fca7691f:0xdcb8bc983be8ed42,,
Pho N Mor,,https://www.google.com/maps/place/Pho+N+Mor/data=!4m2!3m1!1s0x80c2c79b473350bb:0x117cf967802637ed,,
ShinChon Restaurant,,https://www.google.com/maps/place/ShinChon+Restaurant/data=!4m2!3m1!1s0x80c2c77a798f35f7:0xb5fbd93db1a42f4c,,
LEE GA(이가),,https://www.google.com/maps/place/LEE+GA(%EC%9D%B4%EA%B0%80)/data=!4m2!3m1!1s0x80c2c7782bb82d05:0xb0c0d86a6b4ecd48,,
Le Kream,,https://www.google.com/maps/place/Le+Kream/data=!4m2!3m1!1s0x80c2b9418f958d3d:0x4f42c181e140aed1,,
Casa Escobar Antigua,,https://www.google.com/maps/place/Casa+Escobar+Antigua/data=!4m2!3m1!1s0x85890e0cbbbcbf1d:0xe8c6d3ba8baeb039,,
El Gran Café,,https://www.google.com/maps/place/El+Gran+Caf%C3%A9/data=!4m2!3m1!1s0x85890fe81d690985:0xf4f734f52aafc0e7,,
Artista de Café - Specialty Coffeeshop,,https://www.google.com/maps/place/Artista+de+Caf%C3%A9+-+Specialty+Coffeeshop/data=!4m2!3m1!1s0x85890fc369f66041:0x1d96d9b2b02ba9c5,,
Cafeteria & Bakery Santa Clara,,https://www.google.com/maps/place/Cafeteria+%26+Bakery+Santa+Clara/data=!4m2!3m1!1s0x85890e72689abf85:0xff50e9d66f6fca56,,
Búho Café,,https://www.google.com/maps/place/B%C3%BAho+Caf%C3%A9/data=!4m2!3m1!1s0x85890f92ec46ffc9:0xc9c7cfd93433673,,
La Cuevita de Los Urquizú,,https://www.google.com/maps/place/La+Cuevita+de+Los+Urquiz%C3%BA/data=!4m2!3m1!1s0x85890de915a36aa9:0x9d8215153522ec3c,,
Alegría Café / Specialty Coffee Shop,,https://www.google.com/maps/place/Alegr%C3%ADa+Caf%C3%A9+%2F+Specialty+Coffee+Shop/data=!4m2!3m1!1s0x85890fe8d6bea8ef:0xcfaa6ec7d8460816,,
Ni Fu Ni Fa,,https://www.google.com/maps/place/Ni+Fu+Ni+Fa/data=!4m2!3m1!1s0x85890e73f964a5d3:0x5ae0ce135fcd6b58,,
La Casa de las Sopas,,https://www.google.com/maps/place/La+Casa+de+las+Sopas/data=!4m2!3m1!1s0x85890e0b7d2716f5:0x8e7209c098f3ccc7,,
SKÅL Antigua,,https://www.google.com/maps/place/SK%C3%85L+Antigua/data=!4m2!3m1!1s0x85890fea59293913:0x19423ec619cab850,,
Por Qué No? Cafe,,https://www.google.com/maps/place/Por+Qu%C3%A9+No%3F+Cafe/data=!4m2!3m1!1s0x85890e73b2e58435:0xa471ad1f9f137f7d,,
Nanik Antigua Guatemala,,https://www.google.com/maps/place/Nanik+Antigua+Guatemala/data=!4m2!3m1!1s0x8589a16964327c31:0xbddb1c2c11cec225,,
Café Sol,,https://www.google.com/maps/place/Caf%C3%A9+Sol/data=!4m2!3m1!1s0x85890e712580cb9b:0x6eee0f42013ca20e,,
Starbucks,,https://www.google.com/maps/place/Starbucks/data=!4m2!3m1!1s0x85890f7d0af6b13b:0xbbace9f2fb42bc97,,
McDonald's,,https://www.google.com/maps/place/McDonald's/data=!4m2!3m1!1s0x85890e0c60ae4799:0x946e64fd47fb42d6,,
Caesars Palace,,https://www.google.com/maps/place/Caesars+Palace/data=!4m2!3m1!1s0x80c8c43c44cae095:0x77c9c8f2a2af3ff7,,
JINCOOK_DTLA - WE ARE OPEN !!!,,https://www.google.com/maps/place/JINCOOK_DTLA+-+WE+ARE+OPEN+!!!/data=!4m2!3m1!1s0x80c2c783a37f2e91:0xa0d534d4b2e31797,,
Jacks N Joe,,https://www.google.com/maps/place/Jacks+N+Joe/data=!4m2!3m1!1s0x80c2c7dd4f9d6379:0x871c3927bc00a30c,,
Pasta Roma,,https://www.google.com/maps/place/Pasta+Roma/data=!4m2!3m1!1s0x80c2c7e70d1f13ff:0x9df399123b351af6,,
3300 W Sunset Blvd,,https://www.google.com/maps/place/3300+W+Sunset+Blvd/data=!4m2!3m1!1s0x80c2c7389f614317:0x6a84e43930c3f34b,,
Cha Redefine,,https://www.google.com/maps/place/Cha+Redefine/data=!4m2!3m1!1s0x80c2c7e4dc9dfa3d:0x9bd8c8489d9a0d55,,
Sun Nong Dan,,https://www.google.com/maps/place/Sun+Nong+Dan/data=!4m2!3m1!1s0x80c2c77d10ba0f7f:0xb813984a51e3d554,,
Melo Melo Coconut Dessert,,https://www.google.com/maps/place/Melo+Melo+Coconut+Dessert/data=!4m2!3m1!1s0x80c2c7e8e6dfa333:0xea79b03fd513790e,,
BCD Tofu House,,https://www.google.com/maps/place/BCD+Tofu+House/data=!4m2!3m1!1s0x80c2b8831c5ab3a1:0xe81dfbb2ef41329a,,
JunTong SulLungTang,,https://www.google.com/maps/place/JunTong+SulLungTang/data=!4m2!3m1!1s0x80c2b8867055c119:0x6ae0e13710a65f04,,
Damsot,,https://www.google.com/maps/place/Damsot/data=!4m2!3m1!1s0x80c2c7cfcca9320f:0x4301b27a10ffb785,,
Steak House El Cafetal,,https://www.google.com/maps/place/Steak+House+El+Cafetal/data=!4m2!3m1!1s0x85890f52b414f565:0xe9fabb7f786a7b25,,
Ruen Pair,,https://www.google.com/maps/place/Ruen+Pair/data=!4m2!3m1!1s0x80c2bf50cb08ff07:0x939a85e3b779e03b,,
Luv2eat Thai Bistro,,https://www.google.com/maps/place/Luv2eat+Thai+Bistro/data=!4m2!3m1!1s0x80c2bf253fb9c789:0xaddcf43c6879c47e,,
Liu's Cafe,,https://www.google.com/maps/place/Liu's+Cafe/data=!4m2!3m1!1s0x80c2b9f64d2caa45:0x88865fc2459303e3,,
Chubby Curry,,https://www.google.com/maps/place/Chubby+Curry/data=!4m2!3m1!1s0x80c2bb99f925cbb7:0xddc5fba67f6875e1,,
République Café Bakery & République Restaurant,,https://www.google.com/maps/place/R%C3%A9publique+Caf%C3%A9+Bakery+%26+R%C3%A9publique+Restaurant/data=!4m2!3m1!1s0x80c2b8dfce39a0a9:0x9ab1e575a704621c,,
Tsujita LA Artisan Noodles,,https://www.google.com/maps/place/Tsujita+LA+Artisan+Noodles/data=!4m2!3m1!1s0x80c2bb74df48dd81:0xf5e9b108b806741f,,
kodo,,https://www.google.com/maps/place/kodo/data=!4m2!3m1!1s0x80c2c77b86c05857:0x4ebd9556b971d767,,
Meizhou Dongpo Restaurant,,https://www.google.com/maps/place/Meizhou+Dongpo+Restaurant/data=!4m2!3m1!1s0x80c2bb8cf82eedbb:0xf97212f3a1b6b427,,
Tea Master Matcha Cafe and Green Tea Shop,,https://www.google.com/maps/place/Tea+Master+Matcha+Cafe+and+Green+Tea+Shop/data=!4m2!3m1!1s0x80c2c6385b5e8591:0xd04b92bffebdfbd3,,
DAMO,,https://www.google.com/maps/place/DAMO/data=!4m2!3m1!1s0x80c2b9fb04b62d19:0xf10d170d650f1d17,,
Cento,,https://www.google.com/maps/place/Cento/data=!4m2!3m1!1s0x80c2c635a23208fd:0x7140a29e41cf6e2c,,
Soong Soong Restaurant,,https://www.google.com/maps/place/Soong+Soong+Restaurant/data=!4m2!3m1!1s0x808fcaec398838a7:0x60fd3593fd42859f,,
Sweet Maple,,https://www.google.com/maps/place/Sweet+Maple/data=!4m2!3m1!1s0x808fbb3a01ad2281:0x725b7c53ed59b5d4,,
濃い豆乳,,https://www.google.com/maps/place/%E6%BF%83%E3%81%84%E8%B1%86%E4%B9%B3/data=!4m2!3m1!1s0x808fcba69d34e83b:0x1f9c2aec34e93467,,
De Saisset Museum,,https://www.google.com/maps/place/De+Saisset+Museum/data=!4m2!3m1!1s0x808fcbac339a5b51:0xb479f52637a304a1,,
Ding’s Kitchen,,https://www.google.com/maps/place/Ding%E2%80%99s+Kitchen/data=!4m2!3m1!1s0x808fb7d1d4909471:0xac321472f531f25d,,
Ebaes,,https://www.google.com/maps/place/Ebaes/data=!4m2!3m1!1s0x80c2c7ec5c91b19f:0x9e2a7c1187d3e134,,
Isaan Station Thai Street Food,,https://www.google.com/maps/place/Isaan+Station+Thai+Street+Food/data=!4m2!3m1!1s0x80c2b8a2e6016333:0xd7363d6b7a27fdd7,,
Homestyle Dim Sum Restaurant,,https://www.google.com/maps/place/Homestyle+Dim+Sum+Restaurant/data=!4m2!3m1!1s0x54906abc56a8c04f:0x93c48cf72a23ffaa,,
664 S Weller St,,https://www.google.com/maps/place/664+S+Weller+St/data=!4m2!3m1!1s0x54906abc5177bc99:0xbbd32b8d15f9ac9d,,
Tanuki Izakaya,,https://www.google.com/maps/place/Tanuki+Izakaya/data=!4m2!3m1!1s0x54901591a96c05db:0x876530dfb8a6abb3,,
Indigo Cow,,https://www.google.com/maps/place/Indigo+Cow/data=!4m2!3m1!1s0x549015e4ebf5f10f:0x6185f32c6ddf8993,,
Sip House - Seattle Vietnamese Coffee Shop,,https://www.google.com/maps/place/Sip+House+-+Seattle+Vietnamese+Coffee+Shop/data=!4m2!3m1!1s0x549015a13c724309:0xb0b50662f24f82f7,,
Rosellini’s Fine Cakes & Baked Goods,,https://www.google.com/maps/place/Rosellini%E2%80%99s+Fine+Cakes+%26+Baked+Goods/data=!4m2!3m1!1s0x5490142d17526bb1:0x2feb8dc6da29c63,,
Shinya Shokudo,,https://www.google.com/maps/place/Shinya+Shokudo/data=!4m2!3m1!1s0x549015dbf4ced5fb:0x6e62637992eced33,,
Crepe De France,,https://www.google.com/maps/place/Crepe+De+France/data=!4m2!3m1!1s0x54906ab258156923:0xa6abb502d57840b6,,
Szechuan Fish 诸葛私厨烤鱼,,https://www.google.com/maps/place/Szechuan+Fish+%E8%AF%B8%E8%91%9B%E7%A7%81%E5%8E%A8%E7%83%A4%E9%B1%BC/data=!4m2!3m1!1s0x54906be8dd053901:0xdb63cafa34ae837b,,
Mike's Noodle House,,https://www.google.com/maps/place/Mike's+Noodle+House/data=!4m2!3m1!1s0x54906abc6885564d:0xa8ba2ed98fb263e3,,
Rondo Japanese Kitchen,,https://www.google.com/maps/place/Rondo+Japanese+Kitchen/data=!4m2!3m1!1s0x549015330131d019:0xc0e3b4087e12beb,,
Kobuta & Ookami Katsu and sake house,,https://www.google.com/maps/place/Kobuta+%26+Ookami+Katsu+and+sake+house/data=!4m2!3m1!1s0x54906b46ce589fe7:0xdea3caa81e0104eb,,
Menya Musashi Tsukemen & Ramen,,https://www.google.com/maps/place/Menya+Musashi+Tsukemen+%26+Ramen/data=!4m2!3m1!1s0x54906b9a8eaab02d:0xa0ab806a823031bc,,
UMINORI,,https://www.google.com/maps/place/UMINORI/data=!4m2!3m1!1s0x54906bf07197db53:0xea70c54ceef312a9,,
The Flour Box,,https://www.google.com/maps/place/The+Flour+Box/data=!4m2!3m1!1s0x54906b9cd67aadb7:0xdedbf8ec5212ed8f,,
Yama Ramen,,https://www.google.com/maps/place/Yama+Ramen/data=!4m2!3m1!1s0x89c258ff1a6e63eb:0xcc29338f2f8f7eaa,,
Chu Ros Thai,好吃的泰餐,https://www.google.com/maps/place/Chu+Ros+Thai/data=!4m2!3m1!1s0x89c25996a1c9c0f5:0x45dec86cc400ee6,,
Dominique Ansel Bakery,,https://www.google.com/maps/place/Dominique+Ansel+Bakery/data=!4m2!3m1!1s0x89c2598c5a8e423f:0x501f1a0240e2f39a,,
Jiang Nan NYC,,https://www.google.com/maps/place/Jiang+Nan+NYC/data=!4m2!3m1!1s0x89c2592469474683:0x9928600fb796291f,,
La Cabra Bakery,,https://www.google.com/maps/place/La+Cabra+Bakery/data=!4m2!3m1!1s0x89c259e94678df4f:0x6dddc4c5f900a76,,
Bird & Branch,,https://www.google.com/maps/place/Bird+%26+Branch/data=!4m2!3m1!1s0x89c2597418e28b97:0x5d8cec7bb481e6c4,,
KIJITORA,,https://www.google.com/maps/place/KIJITORA/data=!4m2!3m1!1s0x89c25927ef186bd3:0xc7c17260a653db40,,
Xing Fu Tang,,https://www.google.com/maps/place/Xing+Fu+Tang/data=!4m2!3m1!1s0x89c259da38cdf073:0x95e92b7a5fdd4f07,,
Shu Jiao Fu Zhou,,https://www.google.com/maps/place/Shu+Jiao+Fu+Zhou/data=!4m2!3m1!1s0x89c25987a0baabdd:0x2982dbd963919b46,,
54 Below,,https://www.google.com/maps/place/54+Below/data=!4m2!3m1!1s0x88e6937dcca0d5cd:0x9c01f5572b11a419,,
Momonoki,,https://www.google.com/maps/place/Momonoki/data=!4m2!3m1!1s0x88f5053a5a7f7ebd:0xd0d98db5fa4b4311,,
Okiboru Tsukemen & Ramen,,https://www.google.com/maps/place/Okiboru+Tsukemen+%26+Ramen/data=!4m2!3m1!1s0x88f505bea2102ec9:0x60075764bb84a8bf,,
Thumbs Up Diner,,https://www.google.com/maps/place/Thumbs+Up+Diner/data=!4m2!3m1!1s0x88f5048e1e437d83:0xb072c5bf46ae121b,,
Xi'an Gourmet House (Midtown),,https://www.google.com/maps/place/Xi'an+Gourmet+House+(Midtown)/data=!4m2!3m1!1s0x88f5052c0dec41ef:0x799ef3fff7dac04d,,
Brooklyn Brewery,酿酒体验 周末去,https://www.google.com/maps/place/Brooklyn+Brewery/data=!4m2!3m1!1s0x89c2595d322ea051:0xd746e729ff924fb7,,
Bibble & Sip,,https://www.google.com/maps/place/Bibble+%26+Sip/data=!4m2!3m1!1s0x89c25857ad3e9293:0x48a43a26f8aa9b10,,
Qahwah House W Village,,https://www.google.com/maps/place/Qahwah+House+W+Village/data=!4m2!3m1!1s0x89c2592281da7965:0x128fc3868f2675a,,
Hao Noodle,,https://www.google.com/maps/place/Hao+Noodle/data=!4m2!3m1!1s0x89c2590bdca2425f:0xba93c14076507584,,
Surfish Bistro,,https://www.google.com/maps/place/Surfish+Bistro/data=!4m2!3m1!1s0x89c25afabc263335:0xab4d15cdb976dd39,,
Katagiri Japanese Grocery,,https://www.google.com/maps/place/Katagiri+Japanese+Grocery/data=!4m2!3m1!1s0x89c25903de8d13f1:0xbcf60d3ae35c35d5,,
Katagiri Japanese Grocery 59th Street Store,,https://www.google.com/maps/place/Katagiri+Japanese+Grocery+59th+Street+Store/data=!4m2!3m1!1s0x89c258e67600fe69:0x1643eff69bf7a4a5,,
Fushimi Times Square,,https://www.google.com/maps/place/Fushimi+Times+Square/data=!4m2!3m1!1s0x89c259abcbf2daf7:0x84d32b0cb916ac51,,
Artbean Coffee Roasters,,https://www.google.com/maps/place/Artbean+Coffee+Roasters/data=!4m2!3m1!1s0x89c25bc6933d907b:0x53e833b3ca1cd781,,
Hokkaido Baked Cheese Tart K-Town,,https://www.google.com/maps/place/Hokkaido+Baked+Cheese+Tart+K-Town/data=!4m2!3m1!1s0x89c25937807ae6e5:0x2db95399aa192f60,,
Sake Bar Hagi,,https://www.google.com/maps/place/Sake+Bar+Hagi/data=!4m2!3m1!1s0x89c25853e62de6c7:0x40b70e4366101cf,,
Boucherie West Village,需要预约,https://www.google.com/maps/place/Boucherie+West+Village/data=!4m2!3m1!1s0x89c25993862d9fab:0xc76173738eeacb72,,
Hell's Kitchen,,https://www.google.com/maps/place/Hell's+Kitchen/data=!4m2!3m1!1s0x89c25851668f8dd5:0xbc419a6eb89a7cac,,
II Corallo Trattoria,,https://www.google.com/maps/place/II+Corallo+Trattoria/data=!4m2!3m1!1s0x89c2598dc87ebe67:0xa8be79b5c1769f3,,
Soothr,,https://www.google.com/maps/place/Soothr/data=!4m2!3m1!1s0x89c25923d7bca4d1:0x5bbeae84d9924f22,,
Scram Bakery,,https://www.google.com/maps/place/Scram+Bakery/data=!4m2!3m1!1s0x89c251a13ef012b1:0x5bf99dcd6dc23beb,,
The Tyger,,https://www.google.com/maps/place/The+Tyger/data=!4m2!3m1!1s0x89c259e49f23f1d9:0x81739748a4a9d77b,,
The Tang,,https://www.google.com/maps/place/The+Tang/data=!4m2!3m1!1s0x89c2f7bb54a0e617:0x3b0e0b88bac0382c,,
THEP Thai Restaurant,,https://www.google.com/maps/place/THEP+Thai+Restaurant/data=!4m2!3m1!1s0x89c258c07a5ea5cf:0x5cf2ab26e12e1634,,
Kyuramen - Times Square,,https://www.google.com/maps/place/Kyuramen+-+Times+Square/data=!4m2!3m1!1s0x89c259a794ec205f:0x58b5528116b68683,,
Takahachi Bakery,,https://www.google.com/maps/place/Takahachi+Bakery/data=!4m2!3m1!1s0x89c25a18c8ab0343:0x9a24de4ed521cfd3,,
